image_url,px_x,px_y
/images/e1.jpg/1776/1985
/images/e2.jpg/1593/1584
/images/e3.jpg/1095/1600
/images/e4.jpg/1235/1757
/images/e5.jpg/929/1118
/images/e6.jpg/987/1042
/images/e7.jpg/1413/905
/images/e8.jpg/1248/879
/images/e9.jpg/1483/1283
/images/e10.jpg/1782/1224
/images/e11.jpg/1871/2332
/images/h1.jpg/1566/1329
/images/h2.jpg/1892/1675
/images/h3.jpg/1941/1831
/images/h4.jpg/1980/2024
/images/m1.jpg/1376/1733
/images/m2.jpg/1343/1668
/images/m3.jpg/987/1277
/images/m4.jpg/929/931
/images/m5.jpg/1477/1153
/images/m6.jpg/929/1061
/images/m7.jpg/891/819
/images/m8.jpg/1968/1485
/images/m9.jpg/1852/2170
/images/e13.jpg/913/1393
/images/e14.jpg/1828/2501
/images/e15.jpg/1614/2756
/images/e16.jpg/1477/1091
/images/e17.jpg/1668/1527
/images/e18.jpg/2054/1967
/images/h6.jpg/1019/972
/images/h7.jpg/996/1195
/images/h8.jpg/979/1279
/images/h9.jpg/1940/3082
/images/h10.jpg/1287/1957
/images/h11.jpg/1435/1913
/images/h12.jpg/1543/1875
/images/h13.jpg/1711/3047
/images/h14.jpg/1677/1147
/images/m11.jpg/1490/2020
/images/m12.jpg/2091/2075
/images/m13.jpg/1780/2295
/images/m14.jpg/1733/2949
/images/m15.jpg/1601/2664
/images/m16.jpg/1643/3014
/images/m17.jpg/1753/2635
/images/m18.jpg/1656/2942
/images/m19.jpg/1638/2838
/images/m20.jpg/1501/1829
/images/m21.jpg/1426/1878